{"cameraMode":{"drawMode":0,"name":"Shaded","section":"Shading Mode"},"sceneLighting":true,"audioPlay":false,"sceneViewState":{"showFog":true,"showMaterialUpdate":false,"showSkybox":true,"showFlares":true,"showImageEffects":true,"showParticleSystems":true},"in2DMode":false,"pivot":{"x":-0.8996061086654663,"y":-3.001044988632202,"z":-13.363862037658692},"rotation":{"x":-0.0017429349245503545,"y":0.9962352514266968,"z":-0.08419184386730194,"w":-0.020624011754989625},"size":10.0,"orthographic":false}